threshold,total_cost,fn,fp,tp,tn,cost_per_sku
0.05,83813.0,4,16505,11406,85,2.993
0.06,83813.0,4,16505,11406,85,2.993
0.07,83649.0,6,16439,11404,151,2.987
0.08,83649.0,6,16439,11404,151,2.987
0.09,83480.0,7,16377,11403,213,2.981
0.1,83471.0,7,16374,11403,216,2.981
0.11,83391.0,9,16336,11401,254,2.978
0.12,83081.0,31,16108,11379,482,2.967
0.13,83081.0,31,16108,11379,482,2.967
0.14,82914.0,63,15871,11347,719,2.961
0.15,82905.0,63,15868,11347,722,2.961
0.16,82569.0,135,15348,11275,1242,2.949
0.17,82503.0,180,15071,11230,1519,2.947
0.18,82503.0,180,15071,11230,1519,2.947
0.19,82503.0,180,15071,11230,1519,2.947
0.2,82716.0,327,14309,11083,2281,2.954
0.21,82707.0,327,14306,11083,2284,2.954
0.22,83812.0,533,13507,10877,3083,2.993
0.23,83806.0,533,13505,10877,3085,2.993
0.24,83797.0,533,13502,10877,3088,2.993
0.25,83814.0,534,13502,10876,3088,2.993
0.26,88127.0,1222,11041,10188,5549,3.147
0.27,89856.0,1434,10416,9976,6174,3.209
0.28,93740.0,1849,9359,9561,7231,3.348
0.29,93740.0,1849,9359,9561,7231,3.348
0.3,97658.0,2242,8438,9168,8152,3.488
0.31,99021.0,2364,8201,9046,8389,3.536
0.32,108480.0,3204,6594,8206,9996,3.874
0.33,108474.0,3204,6592,8206,9998,3.874
0.34,111440.0,3460,6130,7950,10460,3.98
0.35,111969.0,3501,6074,7909,10516,3.999
0.36,116793.0,3897,5438,7513,11152,4.171
0.37,116793.0,3897,5438,7513,11152,4.171
0.38,116793.0,3897,5438,7513,11152,4.171
0.39,117887.0,3982,5321,7428,11269,4.21
0.4,117887.0,3982,5321,7428,11269,4.21
0.41,117887.0,3982,5321,7428,11269,4.21
0.42,123295.0,4397,4772,7013,11818,4.403
0.43,123295.0,4397,4772,7013,11818,4.403
0.44,123292.0,4397,4771,7013,11819,4.403
0.45,123292.0,4397,4771,7013,11819,4.403
0.46,135081.0,5265,3782,6145,12808,4.824
0.47,135735.0,5313,3728,6097,12862,4.848
0.48,135735.0,5313,3728,6097,12862,4.848
0.49,144814.0,5960,3088,5450,13502,5.172
0.5,144814.0,5960,3088,5450,13502,5.172
0.51,151503.0,6420,2711,4990,13879,5.411
0.52,151503.0,6420,2711,4990,13879,5.411
0.53,151520.0,6421,2711,4989,13879,5.411
0.54,162025.0,7136,2161,4274,14429,5.787
0.55,162025.0,7136,2161,4274,14429,5.787
0.56,162059.0,7138,2161,4272,14429,5.788
0.57,168577.0,7574,1863,3836,14727,6.021
0.58,184415.0,8620,1215,2790,15375,6.586
0.59,184409.0,8620,1213,2790,15377,6.586
0.6,188746.0,8909,1021,2501,15569,6.741
0.61,199364.0,9598,656,1812,15934,7.12
0.62,199364.0,9598,656,1812,15934,7.12
0.63,200583.0,9678,609,1732,15981,7.164
0.64,200600.0,9679,609,1731,15981,7.164
0.65,200600.0,9679,609,1731,15981,7.164
0.66,203087.0,9838,537,1572,16053,7.253
0.67,203220.0,9846,536,1564,16054,7.258
0.68,203220.0,9846,536,1564,16054,7.258
0.69,203220.0,9846,536,1564,16054,7.258
0.7,204999.0,9960,483,1450,16107,7.321
0.71,211995.0,10407,282,1003,16308,7.571
0.72,211995.0,10407,282,1003,16308,7.571
0.73,211995.0,10407,282,1003,16308,7.571
0.74,214610.0,10570,230,840,16360,7.665
0.75,216179.0,10669,192,741,16398,7.721
0.76,216179.0,10669,192,741,16398,7.721
0.77,218042.0,10786,150,624,16440,7.787
0.78,222560.0,11065,75,345,16515,7.949
0.79,222560.0,11065,75,345,16515,7.949
0.8,222577.0,11066,75,344,16515,7.949
0.81,222577.0,11066,75,344,16515,7.949
0.82,222625.0,11069,74,341,16516,7.951
0.83,222656.0,11071,73,339,16517,7.952
0.84,222707.0,11074,73,336,16517,7.954
0.85,224196.0,11166,48,244,16542,8.007
0.86,224196.0,11166,48,244,16542,8.007
0.87,227515.0,11369,4,41,16586,8.126
0.88,227515.0,11369,4,41,16586,8.126
0.89,227515.0,11369,4,41,16586,8.126
0.9,228039.0,11400,3,10,16587,8.144
0.91,228039.0,11400,3,10,16587,8.144
0.92,228101.0,11404,1,6,16589,8.146
0.93,228200.0,11410,0,0,16590,8.15
0.94,228200.0,11410,0,0,16590,8.15
0.95,228200.0,11410,0,0,16590,8.15
