Slice Category,Subgroup,Sample Count,Error Count,Error Rate (%),False Positive Count,False Negative Count,Mean Predicted Prob,Actual Stockout Rate (%)
Sales Volume Tier,Low Demand,9706,3081,31.74,1610,1471,0.476,40.44
Sales Volume Tier,Medium Demand,9931,3416,34.4,1912,1504,0.466,39.71
Sales Volume Tier,High Demand,8363,2722,32.55,1519,1203,0.482,42.34
Demand Volatility Tier,Low Volatility,9334,3096,33.17,1650,1446,0.489,41.39
Demand Volatility Tier,Mid Volatility,9340,3125,33.46,1759,1366,0.467,39.83
Demand Volatility Tier,High Volatility,9326,2998,32.15,1632,1366,0.467,41.04
Historical Stockout Frequency,Low Stockout History,5795,1256,21.67,12,1244,0.285,21.85
Historical Stockout Frequency,Moderate History,7256,2348,32.36,876,1472,0.403,35.03
Historical Stockout Frequency,Chronic Stockouts,14949,5615,37.56,4153,1462,0.582,50.85
Promotional Campaign,0,16379,5313,32.44,2842,2471,0.465,40.3
Promotional Campaign,1,11621,3906,33.61,2199,1707,0.487,41.39
Holiday Period,0,20000,6599,33.0,3653,2946,0.465,38.02
Holiday Period,1,8000,2620,32.75,1388,1232,0.498,47.58
