trial_number,val_pr_auc,learning_rate,max_depth,min_child_weight,subsample,colsample_bytree,gamma,best_iteration
1,0.59881,0.0225,8,5,0.848,0.607,2.91,248
7,0.5971,0.0214,8,3,0.832,0.709,1.56,213
0,0.5957,0.0425,8,6,0.81,0.655,0.468,106
9,0.5957,0.0667,8,1,0.669,0.616,0.976,47
4,0.59474,0.0501,7,2,0.78,0.807,0.139,139
3,0.59355,0.0478,5,5,0.649,0.702,1.099,131
8,0.59286,0.0602,4,8,0.871,0.929,2.684,150
5,0.59284,0.068,4,1,0.932,0.938,2.425,152
6,0.5923,0.0369,4,6,0.754,0.643,1.486,228
2,0.59186,0.107,5,2,0.664,0.706,1.574,39
