feature,mean_abs_shap,rank
stock_hour6_22_cnt,0.4779073,1
stockout_freq_14d,0.18818113,2
stockout_freq_7d,0.11012669,3
first_category_id_freq,0.071605355,4
avg_humidity,0.06781714,5
sale_amount,0.064580634,6
day,0.06310954,7
third_category_id_freq,0.05798721,8
precpt,0.057529476,9
dayofweek,0.0506487,10
discount,0.04590446,11
avg_temperature,0.043187,12
rolling_sales_std_7d,0.04181157,13
weekofyear,0.037646253,14
rolling_sales_mean_7d,0.03432038,15
second_category_id_freq,0.034190338,16
sales_lag_2,0.029376384,17
demand_trend_ratio,0.027300408,18
mean_stockout_hrs_7d,0.026234465,19
sales_lag_1,0.025262358,20
stockout_hrs_lag_1,0.022195727,21
rolling_sales_mean_14d,0.021300325,22
rolling_sales_max_7d,0.018828994,23
sales_lag_7,0.017697893,24
demand_volatility,0.017625127,25
activity_flag,0.01739937,26
stockout_hrs_lag_7,0.014984196,27
stockout_hrs_lag_3,0.012724691,28
avg_wind_level,0.0116953235,29
holiday_flag,0.010429019,30
sales_lag_3,0.010342411,31
city_id_freq,0.010144952,32
rolling_sales_mean_3d,0.0084280865,33
rolling_sales_min_7d,0.00764947,34
is_weekend,0.006243678,35
zero_sales_freq_7d,0.0044306032,36
stockout_occ_lag_7,0.0038002564,37
month,0.0037570312,38
stockout_occ_lag_1,0.0026412415,39
stockout_occ_lag_3,0.0014413147,40
